Date,Close
13/03/2000,13.08798
21/03/2000,12.33798
20/04/2000,10.05
21/04/2000,10.05
01/05/2000,10.21998
05/05/2000,9.94002
06/06/2000,9.94002
08/08/2000,9.40998
05/10/2000,9.375
24/10/2000,8.36298
02/11/2000,9.65598
14/11/2000,8.88798
20/11/2000,9.11298
01/12/2000,8.30598
12/12/2000,8.38098
01/01/2001,8.19402
21/03/2002,9.16998
28/03/2002,8.94
29/03/2002,8.94
01/05/2002,8.73
16/09/2002,7.02
20/11/2002,6.58998
12/12/2002,7.44
25/12/2002,7.65
01/01/2003,7.48002
05/02/2003,7.72002
21/03/2003,7.5
17/04/2003,8.05998
18/04/2003,8.05998
01/05/2003,8.65002
16/09/2003,12.64002
20/11/2003,13.95
12/12/2003,14.7
25/12/2003,15.21
01/01/2004,15.46002
05/02/2004,18.03
08/04/2004,21.81
09/04/2004,21.81
23/04/2004,21.39
16/09/2004,21.43998
21/03/2005,30.15
24/03/2005,28.60998
25/03/2005,28.60998
22/04/2005,27.33
16/09/2005,12.88
12/12/2005,16.26
06/02/2006,17.32
21/03/2006,19.25
13/04/2006,18.26
14/04/2006,18.26
02/11/2006,22.9
20/11/2006,23.62
01/12/2006,24.41
12/12/2006,24.61
18/12/2006,23.94
25/12/2006,23.17
01/01/2007,24.38
05/02/2007,24.62
19/03/2007,24.79
27/03/2007,25.71
05/04/2007,27.54
06/04/2007,27.54
01/05/2007,28.78
02/11/2007,33.09
19/11/2007,32.84
12/12/2007,33.57
25/12/2007,32.99
31/12/2007,33.48
01/01/2008,33.48
02/01/2008,32.4
03/01/2008,32.55
04/01/2008,31.98
07/01/2008,31.61
08/01/2008,32.17
09/01/2008,32.3
10/01/2008,33.17
11/01/2008,32.46
14/01/2008,32
15/01/2008,31.09
16/01/2008,30.15
17/01/2008,29.13
18/01/2008,28.65
21/01/2008,26.66
22/01/2008,29.71
23/01/2008,28.6
24/01/2008,30.99
25/01/2008,30.01
28/01/2008,30.94
29/01/2008,31.96
30/01/2008,32.02
31/01/2008,32.54
01/02/2008,33.48
04/02/2008,33.48
05/02/2008,31.29
06/02/2008,31.37
07/02/2008,31.29
08/02/2008,31.41
11/02/2008,32.36
12/02/2008,32.48
13/02/2008,33.33
14/02/2008,33.05
15/02/2008,32.54
18/02/2008,33.08
19/02/2008,32.41
20/02/2008,32.95
21/02/2008,32.97
22/02/2008,33.07
25/02/2008,33.87
26/02/2008,34.35
27/02/2008,34.31
28/02/2008,33.58
29/02/2008,32.23
03/03/2008,32.77
04/03/2008,32.31
05/03/2008,31.81
06/03/2008,31.34
07/03/2008,31.43
10/03/2008,30.47
11/03/2008,32.05
12/03/2008,31.61
13/03/2008,32.1
14/03/2008,31.64
18/03/2008,32.89
19/03/2008,31.72
20/03/2008,31.72
21/03/2008,31.72
24/03/2008,32.7
25/03/2008,33.05
26/03/2008,32.98
27/03/2008,32.84
28/03/2008,33.07
31/03/2008,33.92
01/04/2008,34.8
02/04/2008,34.34
03/04/2008,35.09
04/04/2008,34.5
07/04/2008,34.14
08/04/2008,34.1
09/04/2008,33.23
10/04/2008,33.52
11/04/2008,32.95
14/04/2008,32.69
15/04/2008,33.52
16/04/2008,34.4
17/04/2008,34.51
18/04/2008,34.17
21/04/2008,34.98
22/04/2008,34.31
23/04/2008,34.2
24/04/2008,33.96
25/04/2008,29.6
28/04/2008,30.04
29/04/2008,30.07
30/04/2008,30.47
01/05/2008,30.47
02/05/2008,30.26
05/05/2008,30.67
06/05/2008,30.89
07/05/2008,30.58
08/05/2008,30.14
09/05/2008,30.18
12/05/2008,29.84
13/05/2008,29.8
14/05/2008,30.76
15/05/2008,30.41
16/05/2008,29.64
19/05/2008,29.65
20/05/2008,29.5
21/05/2008,29.06
22/05/2008,29.55
23/05/2008,29.64
26/05/2008,29.78
27/05/2008,29.87
28/05/2008,30.16
29/05/2008,30.3
30/05/2008,30.79
02/06/2008,30.25
03/06/2008,29.61
04/06/2008,29.45
05/06/2008,29.55
06/06/2008,28.58
09/06/2008,28.9
10/06/2008,28.85
11/06/2008,28.73
12/06/2008,29.37
13/06/2008,29.18
16/06/2008,29.09
17/06/2008,28.4
18/06/2008,27.9
19/06/2008,27.47
20/06/2008,27.2
23/06/2008,27.18
24/06/2008,26.89
25/06/2008,27.55
26/06/2008,27.18
27/06/2008,27.14
30/06/2008,27.25
01/07/2008,27.14
02/07/2008,26.75
03/07/2008,26.67
04/07/2008,26.42
07/07/2008,26.48
08/07/2008,26.72
09/07/2008,25.74
10/07/2008,25.97
11/07/2008,25.85
14/07/2008,25.88
15/07/2008,26.2
16/07/2008,26.66
17/07/2008,27.26
18/07/2008,27.03
21/07/2008,26.43
22/07/2008,24.9
23/07/2008,24.42
24/07/2008,23.73
25/07/2008,24.16
28/07/2008,23.97
29/07/2008,25.01
30/07/2008,25.4
31/07/2008,25.45
01/08/2008,24.8
04/08/2008,24.4
05/08/2008,25.31
06/08/2008,25.66
07/08/2008,25.14
08/08/2008,25.57
11/08/2008,24.9
12/08/2008,24.49
13/08/2008,25.04
14/08/2008,25.99
15/08/2008,26.09
18/08/2008,25.39
19/08/2008,25.57
20/08/2008,26.01
21/08/2008,25.83
22/08/2008,26.45
25/08/2008,25.87
26/08/2008,25.49
27/08/2008,26.06
28/08/2008,26.47
29/08/2008,26.36
01/09/2008,26.53
02/09/2008,26.6
03/09/2008,26.3
04/09/2008,26.19
05/09/2008,26.01
08/09/2008,26.13
09/09/2008,25.05
10/09/2008,24.62
11/09/2008,24.85
12/09/2008,25.32
15/09/2008,24.1
16/09/2008,24.1
17/09/2008,23.45
18/09/2008,25.32
19/09/2008,25.97
22/09/2008,24.58
23/09/2008,24.05
24/09/2008,24.34
25/09/2008,25.71
26/09/2008,25.85
29/09/2008,23.9
30/09/2008,25.11
01/10/2008,25.54
02/10/2008,23.93
03/10/2008,22.58
06/10/2008,22.36
07/10/2008,21.86
08/10/2008,20.87
09/10/2008,21.22
10/10/2008,20.84
13/10/2008,23.34
14/10/2008,22.72
15/10/2008,21.76
16/10/2008,21.38
17/10/2008,22.16
20/10/2008,22.98
21/10/2008,21.85
22/10/2008,19.66
23/10/2008,18.12
24/10/2008,16.55
27/10/2008,16.29
28/10/2008,18.48
29/10/2008,18.03
30/10/2008,19.93
31/10/2008,19.89
03/11/2008,20.32
04/11/2008,21.14
05/11/2008,20.3
06/11/2008,20.07
07/11/2008,20.48
10/11/2008,20.5
11/11/2008,20.07
12/11/2008,19.24
13/11/2008,20.97
14/11/2008,20.09
17/11/2008,20.09
18/11/2008,20.22
19/11/2008,19.45
20/11/2008,19.47
21/11/2008,19.22
24/11/2008,20.73
25/11/2008,19.57
26/11/2008,20.25
27/11/2008,20.23
28/11/2008,20.52
01/12/2008,19.78
02/12/2008,19.92
03/12/2008,19.7
04/12/2008,19.2
05/12/2008,18.99
08/12/2008,21
09/12/2008,21.25
10/12/2008,22
11/12/2008,22.1
12/12/2008,22.1
15/12/2008,21.05
16/12/2008,21.97
17/12/2008,21.99
18/12/2008,21.87
19/12/2008,21.19
22/12/2008,21.03
23/12/2008,20.96
24/12/2008,21.25
25/12/2008,21.25
26/12/2008,21.37
29/12/2008,20.86
30/12/2008,20.76
31/12/2008,21.23
01/01/2009,21.23
02/01/2009,21.95
05/01/2009,22.9
06/01/2009,22.74
07/01/2009,21.88
08/01/2009,22.06
09/01/2009,21.69
12/01/2009,21.3
13/01/2009,21.46
14/01/2009,20.48
15/01/2009,20.09
16/01/2009,19.97
19/01/2009,20.12
20/01/2009,19.08
21/01/2009,19.52
22/01/2009,19.21
23/01/2009,19.39
26/01/2009,19.58
27/01/2009,19.89
28/01/2009,20.65
29/01/2009,20.29
30/01/2009,20.47
02/02/2009,20.47
03/02/2009,20.82
04/02/2009,20.79
05/02/2009,20.97
06/02/2009,22.25
09/02/2009,22.35
10/02/2009,21.78
11/02/2009,21.85
12/02/2009,21.46
13/02/2009,21.42
16/02/2009,21.63
17/02/2009,20.91
18/02/2009,20.46
19/02/2009,20.58
20/02/2009,19.86
23/02/2009,19.05
24/02/2009,19.18
25/02/2009,19.05
26/02/2009,19.21
27/02/2009,19.5
02/03/2009,18.32
03/03/2009,18.7
04/03/2009,19.37
05/03/2009,18.91
06/03/2009,18.45
09/03/2009,18.62
10/03/2009,19.32
11/03/2009,19.93
12/03/2009,20.58
13/03/2009,20.78
16/03/2009,20.78
17/03/2009,20.36
18/03/2009,20.56
19/03/2009,20.26
20/03/2009,20.19
23/03/2009,21.79
24/03/2009,21.15
25/03/2009,21.22
26/03/2009,20.53
27/03/2009,19.94
30/03/2009,19.03
31/03/2009,19.29
01/04/2009,19.51
02/04/2009,20.66
03/04/2009,20.86
06/04/2009,20.27
07/04/2009,19.7
08/04/2009,19.6
09/04/2009,19.6
10/04/2009,19.6
13/04/2009,20.7
14/04/2009,20.45
15/04/2009,20.24
16/04/2009,20.74
17/04/2009,20.57
20/04/2009,19.74
21/04/2009,20.15
22/04/2009,20
23/04/2009,20.65
24/04/2009,21.98
27/04/2009,21.27
28/04/2009,21.1
29/04/2009,23.22
30/04/2009,22.56
01/05/2009,22.56
04/05/2009,23.6
05/05/2009,24.14
06/05/2009,24.29
07/05/2009,23.65
08/05/2009,24.34
11/05/2009,24.5
12/05/2009,24.35
13/05/2009,23.45
14/05/2009,23.7
15/05/2009,23.37
18/05/2009,24.64
19/05/2009,24.88
20/05/2009,24.6
21/05/2009,24.52
22/05/2009,24.8
25/05/2009,24.75
26/05/2009,25.04
27/05/2009,25.35
28/05/2009,25.84
29/05/2009,25.19
01/06/2009,25.68
02/06/2009,25.05
03/06/2009,24.78
04/06/2009,24.56
05/06/2009,24.89
08/06/2009,24.89
09/06/2009,25.05
10/06/2009,25.3
11/06/2009,25.21
12/06/2009,25.75
15/06/2009,25.12
16/06/2009,24.81
17/06/2009,24.45
18/06/2009,24.76
19/06/2009,24.66
22/06/2009,23.5
23/06/2009,23.6
24/06/2009,24.3
25/06/2009,25.11
26/06/2009,25.58
29/06/2009,25.83
30/06/2009,25.55
01/07/2009,25.97
02/07/2009,25.46
03/07/2009,25.5
06/07/2009,25.53
07/07/2009,24.88
08/07/2009,25.68
09/07/2009,25.98
10/07/2009,26.1
13/07/2009,26.33
14/07/2009,26.58
15/07/2009,27.2
16/07/2009,27.88
17/07/2009,27.44
20/07/2009,28
21/07/2009,27.5
22/07/2009,28.81
23/07/2009,29.2
24/07/2009,28.8
27/07/2009,28.86
28/07/2009,28.47
29/07/2009,27.78
30/07/2009,28.16
31/07/2009,28.4
03/08/2009,29.5
04/08/2009,30.04
05/08/2009,29.82
06/08/2009,28.78
07/08/2009,28.95
10/08/2009,29.25
11/08/2009,28.98
12/08/2009,29.28
13/08/2009,29.39
14/08/2009,29.49
17/08/2009,29.02
18/08/2009,29.2
19/08/2009,29.2
20/08/2009,29.93
21/08/2009,30.37
24/08/2009,30.33
25/08/2009,30.99
26/08/2009,30.91
27/08/2009,30.85
28/08/2009,30.93
31/08/2009,30.06
01/09/2009,29.64
02/09/2009,29.51
03/09/2009,29.66
04/09/2009,29.93
07/09/2009,29.92
08/09/2009,30.96
09/09/2009,30.75
10/09/2009,30.76
11/09/2009,30.82
14/09/2009,31
15/09/2009,31.02
16/09/2009,31.02
17/09/2009,31.16
18/09/2009,30.18
21/09/2009,30.14
22/09/2009,29.72
23/09/2009,28.7
24/09/2009,28.27
25/09/2009,28.77
28/09/2009,29.45
29/09/2009,29.62
30/09/2009,29.55
01/10/2009,29.2
02/10/2009,29.08
05/10/2009,29.81
06/10/2009,30.97
07/10/2009,30.79
08/10/2009,31.02
09/10/2009,31.4
12/10/2009,31.73
13/10/2009,31.55
14/10/2009,31.88
15/10/2009,31.82
16/10/2009,31.56
19/10/2009,31.23
20/10/2009,31.1
21/10/2009,30.97
22/10/2009,30.61
23/10/2009,30.33
26/10/2009,30.7
27/10/2009,29.39
28/10/2009,29.47
29/10/2009,29.69
30/10/2009,28.99
02/11/2009,28.99
03/11/2009,29.87
04/11/2009,30.42
05/11/2009,31.14
06/11/2009,31.03
09/11/2009,31.56
10/11/2009,31.59
11/11/2009,31.85
12/11/2009,31.73
13/11/2009,31.46
16/11/2009,31.46
17/11/2009,31.96
18/11/2009,31.25
19/11/2009,31.02
20/11/2009,30.69
23/11/2009,31.19
24/11/2009,30.84
25/11/2009,31.5
26/11/2009,30.16
27/11/2009,31.18
30/11/2009,31.3
01/12/2009,32
02/12/2009,31.1
03/12/2009,30.69
04/12/2009,31.04
07/12/2009,30.6
08/12/2009,30.13
09/12/2009,30.4
10/12/2009,30.76
11/12/2009,30.6
14/12/2009,30.68
15/12/2009,30.35
16/12/2009,30.03
17/12/2009,30.14
18/12/2009,30.14
21/12/2009,30.08
22/12/2009,30.55
23/12/2009,30.63
24/12/2009,30.68
25/12/2009,30.68
28/12/2009,30.78
29/12/2009,30.83
30/12/2009,30.72
31/12/2009,30.77
01/01/2010,30.77
04/01/2010,31.45
05/01/2010,31.22
06/01/2010,31.14
07/01/2010,31.56
08/01/2010,31.35
11/01/2010,31.75
12/01/2010,31.8
13/01/2010,31.8
14/01/2010,30.26
15/01/2010,29.55
18/01/2010,29.9
19/01/2010,29.66
20/01/2010,28.74
21/01/2010,28.35
22/01/2010,28.14
25/01/2010,27.59
26/01/2010,28.19
27/01/2010,28.25
28/01/2010,29
29/01/2010,28.58
01/02/2010,28.58
02/02/2010,29.03
03/02/2010,29.76
04/02/2010,29.07
05/02/2010,29.27
08/02/2010,28.7
09/02/2010,28.84
10/02/2010,28.48
11/02/2010,28.93
12/02/2010,28.87
15/02/2010,28.98
16/02/2010,29.6
17/02/2010,29.63
18/02/2010,29.3
19/02/2010,29.08
22/02/2010,28.72
23/02/2010,28.61
24/02/2010,28.57
25/02/2010,28.44
26/02/2010,28.49
01/03/2010,28.31
02/03/2010,28.6
03/03/2010,29.19
04/03/2010,29.2
05/03/2010,29.6
08/03/2010,29.81
09/03/2010,29.86
10/03/2010,30.09
11/03/2010,30.11
12/03/2010,30
15/03/2010,29.9
16/03/2010,30.43
17/03/2010,30.63
18/03/2010,30.83
19/03/2010,30.85
22/03/2010,30.95
23/03/2010,31.11
24/03/2010,31.06
25/03/2010,31
26/03/2010,31.08
29/03/2010,31.47
30/03/2010,31.51
31/03/2010,31.13
01/04/2010,31.15
02/04/2010,31.15
05/04/2010,31.64
06/04/2010,31.66
07/04/2010,31.32
08/04/2010,30.75
09/04/2010,31.19
12/04/2010,31.24
13/04/2010,31.34
14/04/2010,31.61
15/04/2010,31.88
16/04/2010,31.68
19/04/2010,31.27
20/04/2010,31.28
21/04/2010,30.86
22/04/2010,31.25
23/04/2010,31.4
26/04/2010,31.34
27/04/2010,30.9
28/04/2010,31.16
29/04/2010,31.19
30/04/2010,31.78
03/05/2010,32
04/05/2010,31.61
05/05/2010,31.64
06/05/2010,30.9
07/05/2010,30.87
10/05/2010,31.42
11/05/2010,31.27
12/05/2010,31.4
13/05/2010,31.26
14/05/2010,30.96
17/05/2010,30.86
18/05/2010,30.7
19/05/2010,30.86
20/05/2010,30.67
21/05/2010,30.08
24/05/2010,30.29
25/05/2010,30.18
26/05/2010,30.45
27/05/2010,30.92
28/05/2010,30.69
31/05/2010,31.65
01/06/2010,30.95
02/06/2010,31.05
03/06/2010,31.02
04/06/2010,30.84
07/06/2010,30.86
08/06/2010,31.08
09/06/2010,31.05
10/06/2010,31.29
11/06/2010,31.17
14/06/2010,31.05
15/06/2010,31.62
16/06/2010,31.84
17/06/2010,31.92
18/06/2010,31.76
21/06/2010,31.86
22/06/2010,31.52
23/06/2010,32.33
24/06/2010,32.03
25/06/2010,32.45
28/06/2010,32.43
29/06/2010,31.13
30/06/2010,30.79
01/07/2010,31.04
02/07/2010,31.36
05/07/2010,31.23
06/07/2010,31.31
07/07/2010,31.85
08/07/2010,31.57
09/07/2010,31.52
12/07/2010,31.18
13/07/2010,31.58
14/07/2010,31.66
15/07/2010,31.73
16/07/2010,31.07
19/07/2010,31.13
20/07/2010,31.33
21/07/2010,31.49
22/07/2010,32.59
23/07/2010,32.5
26/07/2010,32.68
27/07/2010,32.37
28/07/2010,32.33
29/07/2010,31.95
30/07/2010,31.33
02/08/2010,32.11
03/08/2010,32.2
04/08/2010,32.31
05/08/2010,32.27
06/08/2010,32.25
09/08/2010,32.13
10/08/2010,31.84
11/08/2010,31.23
12/08/2010,31.24
13/08/2010,31.61
16/08/2010,31.64
17/08/2010,31.84
18/08/2010,31.61
19/08/2010,31.43
20/08/2010,31.66
23/08/2010,31.66
24/08/2010,30.62
25/08/2010,30.48
26/08/2010,30.25
27/08/2010,30.82
30/08/2010,30.41
31/08/2010,30.82
01/09/2010,31.77
02/09/2010,31.93
03/09/2010,31.99
06/09/2010,32.06
07/09/2010,32.03
08/09/2010,31.83
09/09/2010,31.81
10/09/2010,31.67
13/09/2010,32.07
14/09/2010,32.03
15/09/2010,32.05
16/09/2010,32.1
17/09/2010,32.1
20/09/2010,32.65
21/09/2010,32.91
22/09/2010,32.92
23/09/2010,33.1
24/09/2010,33.23
27/09/2010,33.11
28/09/2010,33.23
29/09/2010,33.2
30/09/2010,33.68
01/10/2010,34.05
04/10/2010,34.3
05/10/2010,33.9
06/10/2010,34.3
07/10/2010,34.22
08/10/2010,34.42
11/10/2010,34.75
12/10/2010,34.5
13/10/2010,34.91
14/10/2010,34.93
15/10/2010,35.07
18/10/2010,35.22
19/10/2010,34.79
20/10/2010,35.34
21/10/2010,35.48
22/10/2010,35.54
25/10/2010,36.02
26/10/2010,36.05
27/10/2010,35.49
28/10/2010,35.35
29/10/2010,35.39
01/11/2010,35.57
02/11/2010,35.57
03/11/2010,35.51
04/11/2010,36.06
05/11/2010,36.27
08/11/2010,36.24
09/11/2010,35.4
10/11/2010,35.25
11/11/2010,35.15
12/11/2010,35.3
15/11/2010,35.3
16/11/2010,34.89
17/11/2010,35.07
18/11/2010,35.53
19/11/2010,35.66
22/11/2010,35.51
23/11/2010,35.12
24/11/2010,35.75
25/11/2010,35.65
26/11/2010,35.68
29/11/2010,35.35
30/11/2010,35.28
01/12/2010,35.7
02/12/2010,35.61
03/12/2010,35.35
06/12/2010,35.58
07/12/2010,35.63
08/12/2010,35.36
09/12/2010,35.02
10/12/2010,35.37
13/12/2010,35.38
14/12/2010,35.44
15/12/2010,35.04
16/12/2010,35
17/12/2010,35.18
20/12/2010,35.09
21/12/2010,35.19
22/12/2010,34.97
23/12/2010,35.03
24/12/2010,35.01
27/12/2010,34.94
28/12/2010,35.2
29/12/2010,35.13
30/12/2010,35.17
31/12/2010,35.47
03/01/2011,35.5
04/01/2011,35.58
05/01/2011,35.99
06/01/2011,36.04
07/01/2011,36.17
10/01/2011,36.04
11/01/2011,35.66
12/01/2011,35
13/01/2011,35.21
14/01/2011,35.11
17/01/2011,35.25
18/01/2011,35.56
19/01/2011,35.43
20/01/2011,35.34
21/01/2011,35.19
24/01/2011,35.44
25/01/2011,35.02
26/01/2011,34.85
27/01/2011,34.54
28/01/2011,34.23
31/01/2011,34.55
01/02/2011,35.14
02/02/2011,35.22
03/02/2011,35.12
04/02/2011,34.54
08/02/2011,34.54
09/02/2011,33.96
10/02/2011,34.04
11/02/2011,34.15
14/02/2011,34.05
15/02/2011,34.18
16/02/2011,34.16
17/02/2011,34.33
18/02/2011,34.66
21/02/2011,34.25
22/02/2011,34.09
23/02/2011,33.71
24/02/2011,33.7
25/02/2011,34.15
28/02/2011,34.68
02/03/2011,34.14
03/03/2011,34.12
04/03/2011,33.85
07/03/2011,33.61
08/03/2011,33.55
09/03/2011,33.19
10/03/2011,32.62
11/03/2011,32.85
14/03/2011,33.1
15/03/2011,32.75
16/03/2011,32.95
17/03/2011,32.77
18/03/2011,32.33
22/03/2011,32.8
23/03/2011,33.44
24/03/2011,33.69
25/03/2011,33.72
28/03/2011,33.8
29/03/2011,33.89
30/03/2011,34.24
31/03/2011,34.52
04/04/2011,34.77
05/04/2011,34.76
06/04/2011,34.82
07/04/2011,34.62
08/04/2011,34.31
11/04/2011,34.5
12/04/2011,34.4
13/04/2011,34.28
14/04/2011,33.93
15/04/2011,33.99
18/04/2011,33.33
19/04/2011,32.82
20/04/2011,32.93
29/04/2011,32.99
02/05/2011,32.57
03/05/2011,31.5
04/05/2011,30.66
05/05/2011,30.71
06/05/2011,30.12
09/05/2011,30.25
10/05/2011,30.47
11/05/2011,30.49
12/05/2011,29.77
16/05/2011,29.57
25/05/2011,30.23
26/05/2011,30.46
27/05/2011,30.44
30/05/2011,30.55
31/05/2011,30.48
02/06/2011,29.93
03/06/2011,28.73
06/06/2011,28.37
07/06/2011,28.78
08/06/2011,28.74
09/06/2011,28.88
10/06/2011,28.67
13/06/2011,29.07
14/06/2011,29.45
15/06/2011,29.53
16/06/2011,29.52
17/06/2011,29.67
20/06/2011,29.77
21/06/2011,29.83
22/06/2011,30.27
23/06/2011,30.33
24/06/2011,15.17
27/06/2011,15.3
28/06/2011,15.48
29/06/2011,15.78
30/06/2011,15.8
04/07/2011,15.86
05/07/2011,15.72
06/07/2011,15.55
07/07/2011,15.47
08/07/2011,15.4
11/07/2011,15.44
12/07/2011,15.3
13/07/2011,15.32
14/07/2011,15.41
15/07/2011,15.36
18/07/2011,15.25
19/07/2011,15.02
20/07/2011,14.8
21/07/2011,14.81
25/07/2011,15.06
26/07/2011,15.07
27/07/2011,15.08
28/07/2011,15.23
29/07/2011,15.12
01/08/2011,14.83
02/08/2011,14.58
03/08/2011,14.42
04/08/2011,14.07
05/08/2011,14.22
08/08/2011,13.67
09/08/2011,13.85
10/08/2011,14.06
11/08/2011,14.69
12/08/2011,14.58
15/08/2011,14.69
16/08/2011,14.71
17/08/2011,14.9
18/08/2011,14.4
19/08/2011,14.38
22/08/2011,14.66
24/08/2011,14.94
25/08/2011,14.73
26/08/2011,14.8
29/08/2011,15.12
30/08/2011,15.21
31/08/2011,15.8
01/09/2011,15.78
02/09/2011,15.44
05/09/2011,14.79
06/09/2011,15.22
07/09/2011,15.44
08/09/2011,15.26
09/09/2011,14.88
12/09/2011,15.01
13/09/2011,15.01
14/09/2011,15.51
15/09/2011,15.79
19/09/2011,15.87
20/09/2011,15.53
21/09/2011,15.51
22/09/2011,14.74
23/09/2011,14.85
26/09/2011,15.25
27/09/2011,15.35
28/09/2011,15.21
29/09/2011,15.4
30/09/2011,15.31
03/10/2011,15.08
04/10/2011,15.07
05/10/2011,14.71
06/10/2011,14.59
07/10/2011,14.5
10/10/2011,14.97
11/10/2011,15.25
12/10/2011,15.58
13/10/2011,15.7
14/10/2011,15.84
17/10/2011,15.5
18/10/2011,16
19/10/2011,15.74
20/10/2011,15.78
21/10/2011,16.37
24/10/2011,16.2
25/10/2011,16.22
26/10/2011,16.52
27/10/2011,16.98
28/10/2011,17.17
31/10/2011,16.94
01/11/2011,16.8
03/11/2011,17.06
04/11/2011,17.25
07/11/2011,17.32
08/11/2011,17.29
09/11/2011,17.15
10/11/2011,17.19
11/11/2011,17.56
14/11/2011,17.49
15/11/2011,17.33
16/11/2011,16.8
17/11/2011,16.64
18/11/2011,16.7
21/11/2011,16.7
22/11/2011,16.3
23/11/2011,16.18
24/11/2011,16.16
25/11/2011,15.4
28/11/2011,16.13
29/11/2011,16.14
30/11/2011,16.22
01/12/2011,16.24
02/12/2011,16.26
05/12/2011,16.37
06/12/2011,16.2
07/12/2011,15.97
08/12/2011,15.61
09/12/2011,15.6
12/12/2011,15.6
13/12/2011,15.57
14/12/2011,15.45
15/12/2011,15.46
16/12/2011,15.45
19/12/2011,15.09
20/12/2011,15.28
21/12/2011,15.44
22/12/2011,15.73
23/12/2011,15.79
26/12/2011,15.72
27/12/2011,15.8
28/12/2011,15.54
29/12/2011,15.89
30/12/2011,15.78
02/01/2012,16.05
03/01/2012,15.85
04/01/2012,15.8
05/01/2012,15.5
06/01/2012,15.49
09/01/2012,15.46
10/01/2012,15.44
11/01/2012,15.52
12/01/2012,15.46
13/01/2012,15.13
16/01/2012,15.28
17/01/2012,15.1
18/01/2012,15.41
19/01/2012,15.64
20/01/2012,15.38
23/01/2012,15.31
24/01/2012,15.14
25/01/2012,15.4
26/01/2012,15.39
27/01/2012,15.27
30/01/2012,15.32
31/01/2012,15.18
01/02/2012,15.28
02/02/2012,15.24
03/02/2012,15.63
06/02/2012,15.63
07/02/2012,15.5
08/02/2012,15.54
09/02/2012,15.56
10/02/2012,15.3
13/02/2012,15.11
14/02/2012,15
15/02/2012,15
16/02/2012,15.07
17/02/2012,14.99
20/02/2012,15.2
21/02/2012,14.99
22/02/2012,14.94
23/02/2012,15.31
24/02/2012,15.3
27/02/2012,15.05
28/02/2012,15.33
29/02/2012,15.43
01/03/2012,15.47
02/03/2012,15.34
05/03/2012,15.3
06/03/2012,15.15
07/03/2012,15.13
08/03/2012,15.11
09/03/2012,14.97
12/03/2012,14.77
13/03/2012,15.15
14/03/2012,14.95
15/03/2012,15.08
16/03/2012,15.38
19/03/2012,15.38
20/03/2012,15.15
21/03/2012,15
22/03/2012,15.3
23/03/2012,15.31
26/03/2012,15.63
27/03/2012,15.68
28/03/2012,15.73
29/03/2012,15.8
30/03/2012,15.93
02/04/2012,15.83
03/04/2012,15.82
04/04/2012,15.55
05/04/2012,15.55
06/04/2012,15.55
09/04/2012,15.55
10/04/2012,15.4
11/04/2012,15.44
12/04/2012,15.79
13/04/2012,15.79
16/04/2012,15.73
17/04/2012,15.9
18/04/2012,15.9
19/04/2012,15.9
20/04/2012,15.98
23/04/2012,16.47
24/04/2012,16.65
25/04/2012,16.57
26/04/2012,16.61
27/04/2012,16.98
30/04/2012,17.39
01/05/2012,17.39
02/05/2012,17.58
03/05/2012,17.85
04/05/2012,17.81
07/05/2012,18.66
08/05/2012,17.13
09/05/2012,17.17
10/05/2012,17.11
11/05/2012,17.13
14/05/2012,16.9
15/05/2012,16.97
16/05/2012,16.78
17/05/2012,16.79
18/05/2012,16.41
21/05/2012,16.47
22/05/2012,16.7
23/05/2012,16.72
24/05/2012,16.85
25/05/2012,16.79
28/05/2012,16.83
29/05/2012,16.93
30/05/2012,16.98
31/05/2012,16.8
01/06/2012,16.22
04/06/2012,16.46
05/06/2012,16.41
06/06/2012,16.5
07/06/2012,16.49
08/06/2012,16.46
11/06/2012,16.51
12/06/2012,16.93
13/06/2012,16.93
14/06/2012,16.78
15/06/2012,16.76
18/06/2012,17.18
19/06/2012,17.47
20/06/2012,17.5
21/06/2012,17.42
22/06/2012,17.45
25/06/2012,17.33
26/06/2012,17.2
27/06/2012,17.26
28/06/2012,17.23
29/06/2012,17.44
02/07/2012,17.45
03/07/2012,17.53
04/07/2012,17.57
05/07/2012,17.3
06/07/2012,17.2
09/07/2012,17.54
10/07/2012,17.31
11/07/2012,17.51
12/07/2012,17.5
13/07/2012,17.73
16/07/2012,17.81
17/07/2012,18.13
18/07/2012,17.94
19/07/2012,17.83
20/07/2012,17.91
23/07/2012,18.07
24/07/2012,17.88
25/07/2012,17.68
26/07/2012,18.02
27/07/2012,18
30/07/2012,17.84
31/07/2012,17.78
01/08/2012,17.65
02/08/2012,17.59
03/08/2012,17.46
06/08/2012,17.37
07/08/2012,17.35
08/08/2012,17.27
09/08/2012,17.09
10/08/2012,17.14
13/08/2012,16.82
14/08/2012,17.08
15/08/2012,17.38
16/08/2012,17.36
17/08/2012,17.22
20/08/2012,17.17
21/08/2012,16.92
22/08/2012,16.62
23/08/2012,16.53
24/08/2012,16.84
27/08/2012,16.79
28/08/2012,16.92
29/08/2012,16.87
30/08/2012,16.84
31/08/2012,16.94
03/09/2012,17.02
04/09/2012,16.81
05/09/2012,16.79
06/09/2012,16.89
07/09/2012,16.81
10/09/2012,16.5
11/09/2012,16.48
12/09/2012,16.49
13/09/2012,16.46
14/09/2012,16.43
17/09/2012,16.23
18/09/2012,16.44
19/09/2012,16.5
20/09/2012,16.17
21/09/2012,16.31
24/09/2012,16.46
25/09/2012,16.23
26/09/2012,16.44
27/09/2012,16.59
28/09/2012,16.44
01/10/2012,16.48
02/10/2012,16.55
03/10/2012,16.41
04/10/2012,16.53
05/10/2012,16.89
08/10/2012,16.76
09/10/2012,16.73
10/10/2012,16.68
11/10/2012,16.71
12/10/2012,16.63
15/10/2012,16.81
16/10/2012,16.88
17/10/2012,16.81
18/10/2012,17.01
19/10/2012,16.95
22/10/2012,16.85
23/10/2012,16.86
24/10/2012,16.94
25/10/2012,16.6
26/10/2012,16.7
29/10/2012,16.65
30/10/2012,16.59
31/10/2012,16.63
01/11/2012,16.56
02/11/2012,16.56
05/11/2012,16.61
06/11/2012,16.47
07/11/2012,16.05
08/11/2012,15.84
09/11/2012,15.73
12/11/2012,15.68
13/11/2012,15.59
14/11/2012,15.46
15/11/2012,15.4
16/11/2012,15.38
19/11/2012,15.38
20/11/2012,15.32
21/11/2012,15.48
22/11/2012,15.75
23/11/2012,15.68
26/11/2012,15.51
27/11/2012,15.39
28/11/2012,15.36
29/11/2012,15.46
30/11/2012,15.28
03/12/2012,15.24
04/12/2012,15.12
05/12/2012,14.81
06/12/2012,14.84
07/12/2012,14.82
10/12/2012,15.09
11/12/2012,15.23
12/12/2012,15.23
13/12/2012,15.32
14/12/2012,15.17
17/12/2012,15.06
18/12/2012,15.07
19/12/2012,14.95
20/12/2012,14.83
21/12/2012,15.02
24/12/2012,14.85
25/12/2012,14.85
26/12/2012,14.9
27/12/2012,14.86
28/12/2012,15
31/12/2012,14.9
01/01/2013,14.9
02/01/2013,14.91
03/01/2013,15.06
04/01/2013,15.48
07/01/2013,15.56
08/01/2013,15.58
09/01/2013,15.52
10/01/2013,15.57
11/01/2013,15.54
14/01/2013,15.57
15/01/2013,15.64
16/01/2013,15.64
17/01/2013,15.51
18/01/2013,15.56
21/01/2013,15.57
22/01/2013,15.75
23/01/2013,15.79
24/01/2013,15.82
25/01/2013,15.95
28/01/2013,15.95
29/01/2013,15.97
30/01/2013,15.97
31/01/2013,15.97
01/02/2013,16.19
04/02/2013,16.19
05/02/2013,15.87
06/02/2013,15.86
07/02/2013,15.85
08/02/2013,15.99
11/02/2013,15.96
12/02/2013,15.83
13/02/2013,14.17
14/02/2013,13.99
15/02/2013,14.27
18/02/2013,14.3
19/02/2013,14.46
20/02/2013,14.13
21/02/2013,14.13
22/02/2013,13.95
25/02/2013,13.63
26/02/2013,13.61
27/02/2013,13.39
28/02/2013,13.37
01/03/2013,13.32
04/03/2013,13.26
05/03/2013,13.27
06/03/2013,13.39
07/03/2013,13.31
08/03/2013,13.6
11/03/2013,13.15
12/03/2013,12.83
13/03/2013,11.83
14/03/2013,12.12
15/03/2013,11.6
18/03/2013,11.6
19/03/2013,11.78
20/03/2013,11.83
21/03/2013,12.35
22/03/2013,12.58
25/03/2013,12.85
26/03/2013,13.1
27/03/2013,13.09
28/03/2013,13.09
29/03/2013,13.09
01/04/2013,12.95
02/04/2013,12.75
03/04/2013,12.52
04/04/2013,12.47
05/04/2013,12.34
08/04/2013,12.56
09/04/2013,12.79
10/04/2013,12.85
11/04/2013,12.86
12/04/2013,12.72
15/04/2013,12.47
16/04/2013,12.6
17/04/2013,12.24
18/04/2013,12.49
19/04/2013,12.44
22/04/2013,12.75
23/04/2013,12.88
24/04/2013,12.96
25/04/2013,12.84
26/04/2013,12.59
29/04/2013,12.66
30/04/2013,13.07
01/05/2013,13.07
02/05/2013,12.95
03/05/2013,13.25
06/05/2013,13.14
07/05/2013,13.06
08/05/2013,13.05
09/05/2013,12.79
10/05/2013,12.78
13/05/2013,12.85
14/05/2013,12.7
15/05/2013,12.79
16/05/2013,12.79
17/05/2013,12.75
20/05/2013,12.72
21/05/2013,12.57
22/05/2013,12.58
23/05/2013,12.54
24/05/2013,12.54
27/05/2013,12.38
28/05/2013,12.75
29/05/2013,12.58
30/05/2013,12.78
31/05/2013,12.85
03/06/2013,12.56
04/06/2013,12.55
05/06/2013,12.56
06/06/2013,12.82
07/06/2013,12.87
10/06/2013,13.01
11/06/2013,12.82
12/06/2013,12.86
13/06/2013,12.73
14/06/2013,12.77
17/06/2013,12.85
18/06/2013,12.97
19/06/2013,12.87
20/06/2013,12.52
21/06/2013,12.6
24/06/2013,12.61
25/06/2013,12.84
26/06/2013,13.22
27/06/2013,13.68
28/06/2013,14.13
01/07/2013,14.27
02/07/2013,14.13
03/07/2013,13.9
04/07/2013,13.98
05/07/2013,13.79
08/07/2013,13.52
09/07/2013,13.65
10/07/2013,13.67
11/07/2013,13.68
12/07/2013,13.74
15/07/2013,13.67
16/07/2013,13.23
17/07/2013,13.14
18/07/2013,13.31
19/07/2013,13.07
22/07/2013,13.25
23/07/2013,13.37
24/07/2013,13.27
25/07/2013,13.21
26/07/2013,13.79
29/07/2013,13.34
30/07/2013,13.22
31/07/2013,13.44
01/08/2013,13.61
02/08/2013,13.34
05/08/2013,13.51
06/08/2013,13.58
07/08/2013,13.87
08/08/2013,14.09
09/08/2013,13.3
12/08/2013,13.19
13/08/2013,13.21
14/08/2013,13.21
15/08/2013,13.27
16/08/2013,13.28
19/08/2013,12.91
20/08/2013,13.28
21/08/2013,13.26
22/08/2013,13.18
23/08/2013,13.04
26/08/2013,13.01
27/08/2013,12.95
28/08/2013,12.83
29/08/2013,12.81
30/08/2013,12.86
02/09/2013,12.95
03/09/2013,12.91
04/09/2013,12.94
05/09/2013,12.97
06/09/2013,12.74
09/09/2013,13
10/09/2013,13.23
11/09/2013,13.29
12/09/2013,13.11
13/09/2013,13.22
16/09/2013,13.22
17/09/2013,13.36
18/09/2013,13.39
19/09/2013,13.02
20/09/2013,12.87
23/09/2013,13.13
24/09/2013,13.18
25/09/2013,13.35
26/09/2013,13.27
27/09/2013,13.2
30/09/2013,13
01/10/2013,13.43
02/10/2013,13.4
03/10/2013,13.33
04/10/2013,13.37
07/10/2013,13.2
08/10/2013,12.93
09/10/2013,13.07
10/10/2013,13.35
11/10/2013,13.7
14/10/2013,13.78
15/10/2013,13.59
16/10/2013,14.02
17/10/2013,13.85
18/10/2013,13.81
21/10/2013,13.94
22/10/2013,13.87
23/10/2013,13.73
24/10/2013,13.58
25/10/2013,13.66
28/10/2013,13.87
29/10/2013,13.99
30/10/2013,13.98
31/10/2013,14
01/11/2013,14.09
04/11/2013,14.15
05/11/2013,13.97
06/11/2013,14.07
07/11/2013,13.96
08/11/2013,13.8
11/11/2013,13.83
12/11/2013,13.78
13/11/2013,13.77
14/11/2013,13.97
15/11/2013,14.3
18/11/2013,14.3
19/11/2013,14.39
20/11/2013,14.67
21/11/2013,14.89
22/11/2013,15.09
25/11/2013,14.8
26/11/2013,14.69
27/11/2013,15.18
28/11/2013,15.2
29/11/2013,15.21
02/12/2013,15.06
03/12/2013,15.01
04/12/2013,14.8
05/12/2013,14.55
06/12/2013,14.4
09/12/2013,14.57
10/12/2013,14.55
11/12/2013,14.57
12/12/2013,14.57
13/12/2013,14.39
16/12/2013,14.57
17/12/2013,14.33
18/12/2013,14.64
19/12/2013,14.66
20/12/2013,14.68
23/12/2013,14.98
24/12/2013,15
25/12/2013,15
26/12/2013,15.05
27/12/2013,15.27
30/12/2013,15.35
31/12/2013,15.22
01/01/2014,15.22
02/01/2014,14.89
03/01/2014,14.9
06/01/2014,14.78
07/01/2014,14.68
08/01/2014,14.45
09/01/2014,14.31
10/01/2014,14.38
13/01/2014,14.28
14/01/2014,14.45
15/01/2014,14.7
16/01/2014,14.57
17/01/2014,14.44
20/01/2014,14.42
21/01/2014,14.4
22/01/2014,14.62
23/01/2014,14.48
24/01/2014,14.25
27/01/2014,14.24
28/01/2014,14.14
29/01/2014,14.12
30/01/2014,14.36
31/01/2014,14.28
03/02/2014,14.28
04/02/2014,14.09
05/02/2014,13.77
06/02/2014,14.01
07/02/2014,14.19
10/02/2014,13.97
11/02/2014,14.32
12/02/2014,14.14
13/02/2014,13.99
14/02/2014,14.09
17/02/2014,14.08
18/02/2014,13.81
19/02/2014,13.63
20/02/2014,13.35
21/02/2014,13.34
24/02/2014,13.16
25/02/2014,13.07
26/02/2014,12.98
27/02/2014,13.13
28/02/2014,12.84
03/03/2014,12.95
04/03/2014,12.75
05/03/2014,12.7
06/03/2014,12.74
07/03/2014,12.94
10/03/2014,12.99
11/03/2014,13.2
12/03/2014,13.41
13/03/2014,13.09
14/03/2014,13.12
17/03/2014,13.12
18/03/2014,13.18
19/03/2014,13.11
20/03/2014,13.32
21/03/2014,13.39
24/03/2014,13.63
25/03/2014,13.09
26/03/2014,12.9
27/03/2014,12.7
28/03/2014,12.65
31/03/2014,12.94
01/04/2014,13.28
02/04/2014,13.44
03/04/2014,13.52
04/04/2014,13.51
07/04/2014,13.51
08/04/2014,13.36
09/04/2014,13.36
10/04/2014,13.08
11/04/2014,13.05
14/04/2014,13.15
15/04/2014,13.06
16/04/2014,12.89
17/04/2014,12.89
18/04/2014,12.89
21/04/2014,12.7
22/04/2014,12.84
23/04/2014,12.9
24/04/2014,12.95
25/04/2014,13.02
28/04/2014,13
29/04/2014,13.21
30/04/2014,13.16
01/05/2014,13.16
02/05/2014,13.12
05/05/2014,13.21
06/05/2014,13.32
07/05/2014,13.16
08/05/2014,13.07
09/05/2014,12.93
12/05/2014,13.15
13/05/2014,13.17
14/05/2014,13.24
15/05/2014,13.06
16/05/2014,13.22
19/05/2014,12.69
20/05/2014,12.88
21/05/2014,13.04
22/05/2014,13.04
23/05/2014,12.81
26/05/2014,12.88
27/05/2014,12.79
28/05/2014,12.85
29/05/2014,12.76
30/05/2014,12.43
02/06/2014,12.62
03/06/2014,12.74
04/06/2014,12.6
05/06/2014,12.88
06/06/2014,13.16
09/06/2014,13.24
10/06/2014,13.2
11/06/2014,13.16
12/06/2014,12.96
13/06/2014,12.99
16/06/2014,12.9
17/06/2014,12.88
18/06/2014,12.76
19/06/2014,12.77
20/06/2014,12.73
23/06/2014,12.74
24/06/2014,12.9
25/06/2014,12.92
26/06/2014,12.83
27/06/2014,13.29
30/06/2014,13.45
01/07/2014,13.48
02/07/2014,13.5
03/07/2014,13.54
04/07/2014,13.43
07/07/2014,13.5
08/07/2014,13.47
09/07/2014,14.73
10/07/2014,14.6
11/07/2014,14.92
14/07/2014,15.06
15/07/2014,15.35
16/07/2014,15.55
17/07/2014,15.52
18/07/2014,15.47
21/07/2014,15.07
22/07/2014,15.38
23/07/2014,15.4
24/07/2014,15.51
25/07/2014,15.53
28/07/2014,15.65
29/07/2014,15.64
30/07/2014,15.67
31/07/2014,15.59
01/08/2014,15.44
04/08/2014,15.67
05/08/2014,15.41
06/08/2014,15.41
07/08/2014,15
08/08/2014,15.23
11/08/2014,15.52
12/08/2014,15.53
13/08/2014,15.51
14/08/2014,15.47
15/08/2014,15.47
18/08/2014,15.53
19/08/2014,15.46
20/08/2014,15.62
21/08/2014,15.84
22/08/2014,15.71
25/08/2014,15.74
26/08/2014,15.73
27/08/2014,15.85
28/08/2014,15.87
29/08/2014,15.99
01/09/2014,16.03
02/09/2014,16.39
03/09/2014,16.56
04/09/2014,17.04
05/09/2014,17.17
08/09/2014,17.39
09/09/2014,17.17
10/09/2014,17
11/09/2014,16.91
12/09/2014,17.07
15/09/2014,17.37
16/09/2014,17.37
17/09/2014,17.48
18/09/2014,17.51
19/09/2014,17.12
22/09/2014,17.21
23/09/2014,16.85
24/09/2014,16.85
25/09/2014,16.83
26/09/2014,16.99
29/09/2014,16.79
30/09/2014,16.96
01/10/2014,16.57
02/10/2014,16.65
03/10/2014,16.78
06/10/2014,16.83
07/10/2014,16.77
08/10/2014,16.64
09/10/2014,16.59
10/10/2014,16.29
13/10/2014,16.26
14/10/2014,16.42
15/10/2014,16.22
16/10/2014,16.16
17/10/2014,16.29
20/10/2014,16.24
21/10/2014,16.37
22/10/2014,16.15
23/10/2014,16.14
24/10/2014,16.02
27/10/2014,16.11
28/10/2014,16.03
29/10/2014,16.14
30/10/2014,16.17
31/10/2014,16.43
03/11/2014,16.6
04/11/2014,16.46
05/11/2014,16.45
06/11/2014,16.41
07/11/2014,16.32
10/11/2014,16.12
11/11/2014,15.91
12/11/2014,15.51
13/11/2014,15.79
14/11/2014,15.74
17/11/2014,15.74
18/11/2014,15.98
19/11/2014,16.11
20/11/2014,16.05
21/11/2014,16.45
24/11/2014,16.57
25/11/2014,16.52
26/11/2014,16.49
27/11/2014,16.57
28/11/2014,16.4
01/12/2014,16.27
02/12/2014,16.06
03/12/2014,16.05
04/12/2014,15.96
05/12/2014,16.12
08/12/2014,16.08
09/12/2014,15.79
10/12/2014,15.55
11/12/2014,15.94
12/12/2014,15.94
15/12/2014,15.15
16/12/2014,15.05
17/12/2014,15.48
18/12/2014,15.91
19/12/2014,15.79
22/12/2014,16.08
23/12/2014,16.3
24/12/2014,16.24
25/12/2014,16.24
26/12/2014,16.4
29/12/2014,16.46
30/12/2014,16.31
31/12/2014,16.4
01/01/2015,16.4
02/01/2015,16.2
05/01/2015,16.02
06/01/2015,15.94
07/01/2015,16.12
08/01/2015,16.43
09/01/2015,16.63
12/01/2015,16.5
13/01/2015,16.4
14/01/2015,16.44
15/01/2015,16.62
16/01/2015,16.59
19/01/2015,16.6
20/01/2015,16.91
21/01/2015,17.12
22/01/2015,17.32
23/01/2015,17.25
26/01/2015,16.83
27/01/2015,16.64
28/01/2015,16.37
29/01/2015,16.29
30/01/2015,16.03
02/02/2015,16.03
03/02/2015,16.03
04/02/2015,16.03
05/02/2015,16.15
06/02/2015,16.18
09/02/2015,16.18
10/02/2015,16.16
11/02/2015,15.55
12/02/2015,16.19
13/02/2015,16.37
16/02/2015,16.32
17/02/2015,16.3
18/02/2015,16.35
19/02/2015,16.36
20/02/2015,16.34
23/02/2015,15.99
24/02/2015,15.98
25/02/2015,16
26/02/2015,16.21
27/02/2015,16
02/03/2015,15.81
03/03/2015,15.69
04/03/2015,15.62
05/03/2015,15.42
06/03/2015,15.43
09/03/2015,15.46
10/03/2015,15.31
11/03/2015,15.2
12/03/2015,15.25
13/03/2015,15.28
16/03/2015,15.28
17/03/2015,15.2
18/03/2015,16.08
19/03/2015,15.73
20/03/2015,15.72
23/03/2015,15.74
24/03/2015,15.78
25/03/2015,15.64
26/03/2015,15.57
27/03/2015,15.62
30/03/2015,15.8
31/03/2015,15.66
01/04/2015,16.22
02/04/2015,16.22
03/04/2015,16.22
06/04/2015,16.29
07/04/2015,16.01
08/04/2015,15.81
09/04/2015,15.97
10/04/2015,16.2
13/04/2015,16.31
14/04/2015,16.32
15/04/2015,16.63
16/04/2015,16.88
17/04/2015,16.87
20/04/2015,16.92
21/04/2015,16.96
22/04/2015,16.91
23/04/2015,17.12
24/04/2015,16.97
27/04/2015,16.96
28/04/2015,16.65
29/04/2015,16.41
30/04/2015,16.11
01/05/2015,16.11
04/05/2015,16.16
05/05/2015,15.96
06/05/2015,15.79
07/05/2015,15.85
08/05/2015,15.77
11/05/2015,15.72
12/05/2015,15.55
13/05/2015,15.49
14/05/2015,15.76
15/05/2015,15.81
18/05/2015,15.69
19/05/2015,15.64
20/05/2015,15.88
21/05/2015,15.71
22/05/2015,15.63
25/05/2015,15.79
26/05/2015,15.85
27/05/2015,16.04
28/05/2015,16.21
29/05/2015,16.2
01/06/2015,16.43
02/06/2015,16.41
03/06/2015,16.36
04/06/2015,16.06
05/06/2015,15.99
08/06/2015,15.95
09/06/2015,15.71
10/06/2015,15.91
11/06/2015,15.74
12/06/2015,15.83
15/06/2015,15.73
16/06/2015,15.8
17/06/2015,15.85
18/06/2015,16.3
19/06/2015,16.19
22/06/2015,16.42
23/06/2015,16.52
24/06/2015,16.54
25/06/2015,16.7
26/06/2015,16.7
29/06/2015,16.58
30/06/2015,16.76
01/07/2015,16.4
02/07/2015,16.53
03/07/2015,16.5
06/07/2015,16.36
07/07/2015,16.71
08/07/2015,16.31
09/07/2015,16.23
10/07/2015,16.31
13/07/2015,16.51
14/07/2015,16.56
15/07/2015,16.31
16/07/2015,16.45
17/07/2015,16.23
20/07/2015,16.4
21/07/2015,16.11
22/07/2015,15.85
23/07/2015,15.76
24/07/2015,15.45
27/07/2015,15.19
28/07/2015,15.45
29/07/2015,15.36
30/07/2015,15.26
31/07/2015,15.67
03/08/2015,15.75
04/08/2015,15.99
05/08/2015,15.87
06/08/2015,15.84
07/08/2015,15.66
10/08/2015,15.88
11/08/2015,15.52
12/08/2015,15.35
13/08/2015,15.08
14/08/2015,15.16
17/08/2015,15.47
18/08/2015,15.52
19/08/2015,15.56
20/08/2015,15.28
21/08/2015,15.04
24/08/2015,14.91
25/08/2015,15.06
26/08/2015,15
27/08/2015,15.56
28/08/2015,15.41
31/08/2015,15.27
01/09/2015,15.09
02/09/2015,15.12
03/09/2015,15.12
04/09/2015,14.93
07/09/2015,14.96
08/09/2015,15.18
09/09/2015,15.04
10/09/2015,14.86
11/09/2015,14.76
14/09/2015,15.06
15/09/2015,15.03
16/09/2015,15.03
17/09/2015,15.04
18/09/2015,14.87
21/09/2015,15.07
22/09/2015,14.71
23/09/2015,14.46
24/09/2015,14.32
25/09/2015,14.29
28/09/2015,14.12
29/09/2015,14.06
30/09/2015,14.02
01/10/2015,14.24
02/10/2015,14.19
05/10/2015,14.84
06/10/2015,14.7
07/10/2015,14.71
08/10/2015,14.77
09/10/2015,14.7
12/10/2015,14.5
13/10/2015,14.52
14/10/2015,14.19
15/10/2015,14.28
16/10/2015,14.26
19/10/2015,14.57
20/10/2015,14.32
21/10/2015,14.06
22/10/2015,14.21
23/10/2015,14.33
26/10/2015,14.45
27/10/2015,14.12
28/10/2015,14.03
29/10/2015,14.38
30/10/2015,14.75
02/11/2015,14.75
03/11/2015,14.55
04/11/2015,14.27
05/11/2015,14.38
06/11/2015,14.27
09/11/2015,13.99
10/11/2015,13.66
11/11/2015,13.67
12/11/2015,13.75
13/11/2015,13.4
16/11/2015,13.4
17/11/2015,13.59
18/11/2015,14.17
19/11/2015,14.25
20/11/2015,14.13
23/11/2015,14.09
24/11/2015,14.05
25/11/2015,13.81
26/11/2015,13.79
27/11/2015,13.74
30/11/2015,13.43
01/12/2015,13.75
02/12/2015,13.33
03/12/2015,13.35
04/12/2015,13.17
07/12/2015,12.93
08/12/2015,12.6
09/12/2015,12.64
10/12/2015,12.73
11/12/2015,12.6
14/12/2015,12.62
15/12/2015,12.87
16/12/2015,13.26
17/12/2015,13.05
18/12/2015,12.7
21/12/2015,12.7
22/12/2015,12.49
23/12/2015,12.51
24/12/2015,12.46
25/12/2015,12.46
28/12/2015,12.24
29/12/2015,12.54
30/12/2015,12.52
31/12/2015,12.12
01/01/2016,12.12
04/01/2016,12.03
05/01/2016,11.97
06/01/2016,11.74
07/01/2016,11.34
08/01/2016,10.92
11/01/2016,11.16
12/01/2016,11.25
13/01/2016,11.43
14/01/2016,11.72
15/01/2016,11.37
18/01/2016,11.26
19/01/2016,11.32
20/01/2016,11.39
21/01/2016,11.63
22/01/2016,11.97
25/01/2016,11.78
26/01/2016,12.08
27/01/2016,12.36
28/01/2016,12.44
29/01/2016,12.79
01/02/2016,12.79
02/02/2016,12.69
03/02/2016,12.89
04/02/2016,13.19
05/02/2016,13.02
08/02/2016,12.91
09/02/2016,12.56
10/02/2016,11.85
11/02/2016,11.82
12/02/2016,12.05
15/02/2016,12.43
16/02/2016,12.34
17/02/2016,12.42
18/02/2016,12.23
19/02/2016,11.93
22/02/2016,12.07
23/02/2016,12
24/02/2016,12.01
25/02/2016,12.19
26/02/2016,12.23
29/02/2016,12.34
01/03/2016,12.57
02/03/2016,12.9
03/03/2016,13.04
04/03/2016,13.11
07/03/2016,13.28
08/03/2016,13.36
09/03/2016,12.95
10/03/2016,13.03
11/03/2016,13.46
14/03/2016,13.32
15/03/2016,12.96
16/03/2016,13.14
17/03/2016,13.27
18/03/2016,13.01
21/03/2016,13.01
22/03/2016,13.16
23/03/2016,13.42
24/03/2016,13.42
25/03/2016,13.42
28/03/2016,13.53
29/03/2016,13.41
